Component,Commodity,Supplier,Cost,Supplier Perfomance Rating,Component Perfomance Rating,,,,,,,,,,,,,4.5
CPU1,CPU,A,17600,9.1,8.2,,,,,,,,,,,,,
CPU2,CPU,A,12900,3.8,4.5,,,,,,,,,,,,,
CPU3,CPU,A,15700,4.5,3,,,,,,,,,,,,,
CPU4,CPU,A,14600,4.2,4.2,,,,,,,,,,,,,
CPU5,CPU,A,15500,6.2,4.3,,,,,,,,,,,,,
CPU6,CPU,A,12300,7.1,3.1,,,,,,,,,,,,,
CPU7,CPU,A,18200,6.5,8.2,,,,,,,,,,,,,
CPU8,CPU,A,19200,4.6,7.8,,,,,,,,,,,,,
CPU9,CPU,A,19600,3.6,6.8,,,,,,,,,,,,,
CPU10,CPU,A,15500,6.4,5.9,,,,,,,,,,,,,
CPU11,CPU,B,11300,9.4,4.9,,,,,,,,,,,,,
CPU12,CPU,B,14000,7.6,8,,,,,,,,,,,,,
CPU13,CPU,B,11400,6,5.3,,,,,,,,,,,,,
CPU14,CPU,B,15100,7.4,8,,,,,,,,,,,,,
CPU15,CPU,B,19200,7.8,6.8,,,,,,,,,,,,,
CPU16,CPU,B,19700,4.2,7.9,,,,,,,,,,,,,
CPU17,CPU,B,13200,4.6,4.9,,,,,,,,,,,,,
CPU18,CPU,B,12300,8.4,9.1,,,,,,,,,,,,,
CPU19,CPU,B,19400,3.6,4.8,,,,,,,,,,,,,
CPU20,CPU,B,18800,8.9,4.5,,,,,,,,,,,,,
CPU21,CPU,C,13900,7.9,9.6,,,,,,,,,,,,,
CPU22,CPU,C,17000,9.7,5.2,,,,,,,,,,,,,
CPU23,CPU,C,12500,5.6,3.6,,,,,,,,,,,,,
CPU24,CPU,C,14300,7.7,4.1,,,,,,,,,,,,,
CPU25,CPU,C,13200,6.7,5.9,,,,,,,,,,,,,
CPU26,CPU,C,15400,3.5,6.7,,,,,,,,,,,,,
CPU27,CPU,C,17300,9.4,9.7,,,,,,,,,,,,,
CPU28,CPU,C,17500,4.6,4.5,,,,,,,,,,,,,
CPU29,CPU,C,17200,6,4.9,,,,,,,,,,,,,
CPU30,CPU,C,19500,4.9,9.3,,,,,,,,,,,,,
CPU31,CPU,D,14600,8.4,3.3,,,,,,,,,,,,,
CPU32,CPU,D,10500,8.3,6.3,,,,,,,,,,,,,
CPU33,CPU,D,10200,4.6,6.8,,,,,,,,,,,,,
CPU34,CPU,D,13800,8.5,3.5,,,,,,,,,,,,,
CPU35,CPU,D,19500,4.8,4.4,,,,,,,,,,,,,
CPU36,CPU,D,17900,8,5.3,,,,,,,,,,,,,
CPU37,CPU,D,18900,4.5,6,,,,,,,,,,,,,
CPU38,CPU,D,15600,5.5,5.3,,,,,,,,,,,,,
CPU39,CPU,D,11500,9,4.7,,,,,,,,,,,,,
CPU40,CPU,D,18900,9,6.6,,,,,,,,,,,,,
CPU41,CPU,E,11600,9,5,,,,,,,,,,,,,
CPU42,CPU,E,14700,5.4,5.9,,,,,,,,,,,,,
CPU43,CPU,E,10500,3.4,4.9,,,,,,,,,,,,,
CPU44,CPU,E,15900,4.5,9.3,,,,,,,,,,,,,
CPU45,CPU,E,11900,8.4,5.7,,,,,,,,,,,,,
CPU46,CPU,E,12500,5.5,9.4,,,,,,,,,,,,,
CPU47,CPU,E,14700,7.2,9,,,,,,,,,,,,,
CPU48,CPU,E,18200,8.7,8.7,,,,,,,,,,,,,
CPU49,CPU,E,16400,9.9,4.8,,,,,,,,,,,,,
CPU50,CPU,E,14600,6.8,4.1,,,,,,,,,,,,,
CPU51,CPU,F,17500,7.7,7.6,,,,,,,,,,,,,
CPU52,CPU,F,17200,6.6,9.5,,,,,,,,,,,,,
CPU53,CPU,F,10200,3.7,5.1,,,,,,,,,,,,,
CPU54,CPU,F,14000,5.2,7.3,,,,,,,,,,,,,
CPU55,CPU,F,18500,8.5,8.7,,,,,,,,,,,,,
CPU56,CPU,F,17400,4.8,9.8,,,,,,,,,,,,,
CPU57,CPU,F,14100,3.2,4.1,,,,,,,,,,,,,
CPU58,CPU,F,16600,4.5,5.2,,,,,,,,,,,,,
CPU59,CPU,F,18200,7.2,6.3,,,,,,,,,,,,,
CPU60,CPU,F,13600,4.8,7.7,,,,,,,,,,,,,
CPU61,CPU,G,18600,8.8,5.3,,,,,,,,,,,,,
CPU62,CPU,G,16900,9.4,5.1,,,,,,,,,,,,,
CPU63,CPU,G,18500,5.2,3.1,,,,,,,,,,,,,
CPU64,CPU,G,18700,3.4,7.5,,,,,,,,,,,,,
CPU65,CPU,G,14300,3.2,6,,,,,,,,,,,,,
CPU66,CPU,G,19300,9.5,7.5,,,,,,,,,,,,,
CPU67,CPU,G,14900,4.9,4.3,,,,,,,,,,,,,
CPU68,CPU,G,17500,8.9,3.6,,,,,,,,,,,,,
CPU69,CPU,G,13200,6.5,9.6,,,,,,,,,,,,,
CPU70,CPU,G,15100,9.5,4.8,,,,,,,,,,,,,
CPU71,CPU,H,19500,9,3,,,,,,,,,,,,,
CPU72,CPU,H,17000,4.8,9.3,,,,,,,,,,,,,
CPU73,CPU,H,14500,4.6,7.8,,,,,,,,,,,,,
CPU74,CPU,H,13000,9.8,3.2,,,,,,,,,,,,,
CPU75,CPU,H,14600,4.3,6.5,,,,,,,,,,,,,
CPU76,CPU,H,15000,10,4.5,,,,,,,,,,,,,
CPU77,CPU,H,16700,9.6,4.9,,,,,,,,,,,,,
CPU78,CPU,H,10000,6.8,5.6,,,,,,,,,,,,,
CPU79,CPU,H,14700,8.1,5.9,,,,,,,,,,,,,
CPU80,CPU,H,16600,6.8,7.3,,,,,,,,,,,,,
CPU81,CPU,I,18400,3.6,8.1,,,,,,,,,,,,,
CPU82,CPU,I,13700,7.9,5,,,,,,,,,,,,,
CPU83,CPU,I,13900,8.6,4.6,,,,,,,,,,,,,
CPU84,CPU,I,11100,7,7.1,,,,,,,,,,,,,
CPU85,CPU,I,13300,3.6,9.3,,,,,,,,,,,,,
CPU86,CPU,I,19600,6.1,8.9,,,,,,,,,,,,,
CPU87,CPU,I,16400,4.5,5,,,,,,,,,,,,,
CPU88,CPU,I,15400,8.1,7.2,,,,,,,,,,,,,
CPU89,CPU,I,13600,3.4,3.9,,,,,,,,,,,,,
CPU90,CPU,I,10800,3.1,5.9,,,,,,,,,,,,,
CPU91,CPU,J,15700,5.1,6.9,,,,,,,,,,,,,
CPU92,CPU,J,12300,4,9.7,,,,,,,,,,,,,
CPU93,CPU,J,17700,7,3.7,,,,,,,,,,,,,
CPU94,CPU,J,11800,6.4,9.7,,,,,,,,,,,,,
CPU95,CPU,J,18500,4.7,7.5,,,,,,,,,,,,,
CPU96,CPU,J,16400,5.3,4,,,,,,,,,,,,,
CPU97,CPU,J,18400,9.6,5.5,,,,,,,,,,,,,
CPU98,CPU,J,18100,8.9,7,,,,,,,,,,,,,
CPU99,CPU,J,11300,4.6,4,,,,,,,,,,,,,
CPU100,CPU,J,12600,5.1,3.1,,,,,,,,,,,,,
HDD1,HDD,A,5000,3.5,3.5,,,,,,,,,,,,,
HDD2,HDD,A,5900,3.9,4.8,,,,,,,,,,,,,
HDD3,HDD,A,5200,4,6.8,,,,,,,,,,,,,
HDD4,HDD,A,5600,6.6,6.8,,,,,,,,,,,,,
HDD5,HDD,A,3500,8.3,6.9,,,,,,,,,,,,,
HDD6,HDD,A,5300,4,8.6,,,,,,,,,,,,,
HDD7,HDD,A,3200,7.2,3.7,,,,,,,,,,,,,
HDD8,HDD,A,5400,4.9,6.2,,,,,,,,,,,,,
HDD9,HDD,A,3800,7.7,9.8,,,,,,,,,,,,,
HDD10,HDD,A,4500,6.2,5.7,,,,,,,,,,,,,
HDD11,HDD,B,5100,9.3,8.1,,,,,,,,,,,,,
HDD12,HDD,B,3000,8.2,4.5,,,,,,,,,,,,,
HDD13,HDD,B,4700,6.6,3.5,,,,,,,,,,,,,
HDD14,HDD,B,4400,4,8.9,,,,,,,,,,,,,
HDD15,HDD,B,3500,3.9,4.8,,,,,,,,,,,,,
HDD16,HDD,B,3300,8.6,8.4,,,,,,,,,,,,,
HDD17,HDD,B,3700,6.9,8.6,,,,,,,,,,,,,
HDD18,HDD,B,4700,8.6,3.7,,,,,,,,,,,,,
HDD19,HDD,B,4400,6.1,4.8,,,,,,,,,,,,,
HDD20,HDD,B,5300,4.1,3.7,,,,,,,,,,,,,
HDD21,HDD,C,5700,8.1,7.5,,,,,,,,,,,,,
HDD22,HDD,C,4800,3.2,4,,,,,,,,,,,,,
HDD23,HDD,C,4700,6,6.5,,,,,,,,,,,,,
HDD24,HDD,C,4600,9.2,4.3,,,,,,,,,,,,,
HDD25,HDD,C,5200,8.4,9,,,,,,,,,,,,,
HDD26,HDD,C,3500,5.4,9.6,,,,,,,,,,,,,
HDD27,HDD,C,4900,6.9,5.6,,,,,,,,,,,,,
HDD28,HDD,C,5200,9.5,9.3,,,,,,,,,,,,,
HDD29,HDD,C,3000,3.5,4.4,,,,,,,,,,,,,
HDD30,HDD,C,3300,9.1,8.4,,,,,,,,,,,,,
HDD31,HDD,D,3000,3.1,6.8,,,,,,,,,,,,,
HDD32,HDD,D,5500,9.2,6.7,,,,,,,,,,,,,
HDD33,HDD,D,5400,5.9,7.6,,,,,,,,,,,,,
HDD34,HDD,D,4200,4.6,9.3,,,,,,,,,,,,,
HDD35,HDD,D,4400,7.4,7.7,,,,,,,,,,,,,
HDD36,HDD,D,6000,5.7,5.8,,,,,,,,,,,,,
HDD37,HDD,D,5900,3.5,6.5,,,,,,,,,,,,,
HDD38,HDD,D,5900,5.4,9.9,,,,,,,,,,,,,
HDD39,HDD,D,3100,3.2,9.4,,,,,,,,,,,,,
HDD40,HDD,D,4600,4.9,9.1,,,,,,,,,,,,,
HDD41,HDD,E,4900,3.4,6.1,,,,,,,,,,,,,
HDD42,HDD,E,3500,5.9,5.7,,,,,,,,,,,,,
HDD43,HDD,E,5300,6.8,5.7,,,,,,,,,,,,,
HDD44,HDD,E,5300,3.6,6.4,,,,,,,,,,,,,
HDD45,HDD,E,4300,9.4,5.8,,,,,,,,,,,,,
HDD46,HDD,E,4700,5.1,6,,,,,,,,,,,,,
HDD47,HDD,E,5600,4.5,5.9,,,,,,,,,,,,,
HDD48,HDD,E,3300,5.2,6.9,,,,,,,,,,,,,
HDD49,HDD,E,3200,9.7,9.8,,,,,,,,,,,,,
HDD50,HDD,E,3600,6.3,5.6,,,,,,,,,,,,,
HDD51,HDD,F,4900,7.1,4.4,,,,,,,,,,,,,
HDD52,HDD,F,3500,6,8.5,,,,,,,,,,,,,
HDD53,HDD,F,4200,5.1,6.5,,,,,,,,,,,,,
HDD54,HDD,F,3300,9.5,7,,,,,,,,,,,,,
HDD55,HDD,F,3000,3.1,9.4,,,,,,,,,,,,,
HDD56,HDD,F,4800,9.5,8.7,,,,,,,,,,,,,
HDD57,HDD,F,5000,8,9.4,,,,,,,,,,,,,
HDD58,HDD,F,4000,3.7,5.2,,,,,,,,,,,,,
HDD59,HDD,F,4100,7.2,6.9,,,,,,,,,,,,,
HDD60,HDD,F,3100,7.3,9.3,,,,,,,,,,,,,
HDD61,HDD,G,5500,7.1,4.6,,,,,,,,,,,,,
HDD62,HDD,G,3200,3.8,4.2,,,,,,,,,,,,,
HDD63,HDD,G,3800,4.1,7.7,,,,,,,,,,,,,
HDD64,HDD,G,3600,6.9,8.5,,,,,,,,,,,,,
HDD65,HDD,G,3100,9,4.6,,,,,,,,,,,,,
HDD66,HDD,G,5100,4.1,3.5,,,,,,,,,,,,,
HDD67,HDD,G,5700,3.3,8.2,,,,,,,,,,,,,
HDD68,HDD,G,5400,7.9,9.8,,,,,,,,,,,,,
HDD69,HDD,G,5300,3.2,3.5,,,,,,,,,,,,,
HDD70,HDD,G,4200,7.3,4.6,,,,,,,,,,,,,
HDD71,HDD,H,4300,3.9,4.9,,,,,,,,,,,,,
HDD72,HDD,H,4800,6.6,7.8,,,,,,,,,,,,,
HDD73,HDD,H,5500,9.1,4,,,,,,,,,,,,,
HDD74,HDD,H,4200,9.4,6.3,,,,,,,,,,,,,
HDD75,HDD,H,5900,4.5,7.4,,,,,,,,,,,,,
HDD76,HDD,H,4000,4.8,4.3,,,,,,,,,,,,,
HDD77,HDD,H,4700,4.6,5.3,,,,,,,,,,,,,
HDD78,HDD,H,5600,4.4,9.5,,,,,,,,,,,,,
HDD79,HDD,H,4400,5.4,9.5,,,,,,,,,,,,,
HDD80,HDD,H,3000,3.5,3.6,,,,,,,,,,,,,
HDD81,HDD,I,5600,6.7,6.9,,,,,,,,,,,,,
HDD82,HDD,I,5200,9.3,6.1,,,,,,,,,,,,,
HDD83,HDD,I,3000,8.6,6.5,,,,,,,,,,,,,
HDD84,HDD,I,3100,7.4,9.8,,,,,,,,,,,,,
HDD85,HDD,I,5600,4.7,6.5,,,,,,,,,,,,,
HDD86,HDD,I,4100,6.1,3.6,,,,,,,,,,,,,
HDD87,HDD,I,4800,8.4,6.5,,,,,,,,,,,,,
HDD88,HDD,I,3900,4.5,5.5,,,,,,,,,,,,,
HDD89,HDD,I,5700,4.7,3.4,,,,,,,,,,,,,
HDD90,HDD,I,4600,6.6,6.5,,,,,,,,,,,,,
HDD91,HDD,J,5800,9.4,8.8,,,,,,,,,,,,,
HDD92,HDD,J,5800,3.7,6.6,,,,,,,,,,,,,
HDD93,HDD,J,4800,3.6,9.1,,,,,,,,,,,,,
HDD94,HDD,J,3400,6,4.1,,,,,,,,,,,,,
HDD95,HDD,J,4100,3.8,8.7,,,,,,,,,,,,,
HDD96,HDD,J,5200,4,7.1,,,,,,,,,,,,,
HDD97,HDD,J,3200,4.9,7.5,,,,,,,,,,,,,
HDD98,HDD,J,4900,8.9,3.1,,,,,,,,,,,,,
HDD99,HDD,J,5200,6.2,6.8,,,,,,,,,,,,,
HDD100,HDD,J,3300,8.6,5.1,,,,,,,,,,,,,
RAM1,RAM,A,2000,4.8,9.1,,,,,,,,,,,,,
RAM2,RAM,A,2400,7.3,3.3,,,,,,,,,,,,,
RAM3,RAM,A,2200,7.8,3.2,,,,,,,,,,,,,
RAM4,RAM,A,1900,4.4,4.4,,,,,,,,,,,,,
RAM5,RAM,A,2500,7.3,5.6,,,,,,,,,,,,,
RAM6,RAM,A,2800,4.3,6.9,,,,,,,,,,,,,
RAM7,RAM,A,3200,9.7,7.3,,,,,,,,,,,,,
RAM8,RAM,A,3200,5.4,6.3,,,,,,,,,,,,,
RAM9,RAM,A,2500,8.1,7.3,,,,,,,,,,,,,
RAM10,RAM,A,2400,6.2,5.6,,,,,,,,,,,,,
RAM11,RAM,B,3800,7.3,3.7,,,,,,,,,,,,,
RAM12,RAM,B,3900,3.4,5.7,,,,,,,,,,,,,
RAM13,RAM,B,1600,7.4,3,,,,,,,,,,,,,
RAM14,RAM,B,3100,4.7,8,,,,,,,,,,,,,
RAM15,RAM,B,1500,4.5,6.5,,,,,,,,,,,,,
RAM16,RAM,B,1700,10,7,,,,,,,,,,,,,
RAM17,RAM,B,3900,8.6,8.7,,,,,,,,,,,,,
RAM18,RAM,B,3400,3.2,8.3,,,,,,,,,,,,,
RAM19,RAM,B,2800,3.8,7.2,,,,,,,,,,,,,
RAM20,RAM,B,2400,8,8.6,,,,,,,,,,,,,
RAM21,RAM,C,1900,9.7,8.7,,,,,,,,,,,,,
RAM22,RAM,C,2100,9.6,9.6,,,,,,,,,,,,,
RAM23,RAM,C,2600,7,6.2,,,,,,,,,,,,,
RAM24,RAM,C,2200,3.2,5.6,,,,,,,,,,,,,
RAM25,RAM,C,2600,9.3,9.8,,,,,,,,,,,,,
RAM26,RAM,C,4000,5.3,7.3,,,,,,,,,,,,,
RAM27,RAM,C,2800,3.1,7.2,,,,,,,,,,,,,
RAM28,RAM,C,3100,6.4,7.6,,,,,,,,,,,,,
RAM29,RAM,C,3100,9,7.4,,,,,,,,,,,,,
RAM30,RAM,C,1600,7,3.8,,,,,,,,,,,,,
RAM31,RAM,D,2000,9.8,3.8,,,,,,,,,,,,,
RAM32,RAM,D,1700,8.1,3.1,,,,,,,,,,,,,
RAM33,RAM,D,2700,4.8,4.7,,,,,,,,,,,,,
RAM34,RAM,D,2700,5.2,6.3,,,,,,,,,,,,,
RAM35,RAM,D,3000,4.8,9.5,,,,,,,,,,,,,
RAM36,RAM,D,1800,5.8,9.4,,,,,,,,,,,,,
RAM37,RAM,D,3900,6.8,5.1,,,,,,,,,,,,,
RAM38,RAM,D,2100,5.9,5.3,,,,,,,,,,,,,
RAM39,RAM,D,3900,6.2,7.7,,,,,,,,,,,,,
RAM40,RAM,D,3500,8.2,3.9,,,,,,,,,,,,,
RAM41,RAM,E,3400,9,5.5,,,,,,,,,,,,,
RAM42,RAM,E,2300,7.2,9.9,,,,,,,,,,,,,
RAM43,RAM,E,2000,3.6,9.2,,,,,,,,,,,,,
RAM44,RAM,E,2400,4.5,3.7,,,,,,,,,,,,,
RAM45,RAM,E,2700,4.2,5,,,,,,,,,,,,,
RAM46,RAM,E,2200,4.3,6.2,,,,,,,,,,,,,
RAM47,RAM,E,1900,7.6,7.9,,,,,,,,,,,,,
RAM48,RAM,E,2800,5.8,3.8,,,,,,,,,,,,,
RAM49,RAM,E,3900,4.5,9.8,,,,,,,,,,,,,
RAM50,RAM,E,2700,5.4,3.9,,,,,,,,,,,,,
RAM51,RAM,F,1700,8.6,3.2,,,,,,,,,,,,,
RAM52,RAM,F,2300,3.2,6,,,,,,,,,,,,,
RAM53,RAM,F,2300,5.2,5,,,,,,,,,,,,,
RAM54,RAM,F,2300,8.3,4.7,,,,,,,,,,,,,
RAM55,RAM,F,3600,3.7,5.2,,,,,,,,,,,,,
RAM56,RAM,F,3400,7.5,8,,,,,,,,,,,,,
RAM57,RAM,F,2500,4.3,5.8,,,,,,,,,,,,,
RAM58,RAM,F,3400,7,8.6,,,,,,,,,,,,,
RAM59,RAM,F,2500,5.3,6.9,,,,,,,,,,,,,
RAM60,RAM,F,3200,5.7,8.4,,,,,,,,,,,,,
RAM61,RAM,G,3400,3.6,4.5,,,,,,,,,,,,,
RAM62,RAM,G,3200,5.9,9.9,,,,,,,,,,,,,
RAM63,RAM,G,2500,7.7,4.7,,,,,,,,,,,,,
RAM64,RAM,G,2100,9.7,7.1,,,,,,,,,,,,,
RAM65,RAM,G,3700,9.5,8.8,,,,,,,,,,,,,
RAM66,RAM,G,1800,3.9,3.9,,,,,,,,,,,,,
RAM67,RAM,G,2000,4.2,5.8,,,,,,,,,,,,,
RAM68,RAM,G,3800,3.7,4.7,,,,,,,,,,,,,
RAM69,RAM,G,3900,9.8,3,,,,,,,,,,,,,
RAM70,RAM,G,2700,6.6,9.4,,,,,,,,,,,,,
RAM71,RAM,H,2000,5.8,6.1,,,,,,,,,,,,,
RAM72,RAM,H,3000,5.3,8.6,,,,,,,,,,,,,
RAM73,RAM,H,3600,7,9.1,,,,,,,,,,,,,
RAM74,RAM,H,3100,7.3,6.6,,,,,,,,,,,,,
RAM75,RAM,H,2700,6.3,3.9,,,,,,,,,,,,,
RAM76,RAM,H,2700,6.3,7.8,,,,,,,,,,,,,
RAM77,RAM,H,3800,9.8,6.1,,,,,,,,,,,,,
RAM78,RAM,H,3500,5.5,3.3,,,,,,,,,,,,,
RAM79,RAM,H,2800,6.4,4.6,,,,,,,,,,,,,
RAM80,RAM,H,2900,8.1,9.1,,,,,,,,,,,,,
RAM81,RAM,I,2100,6.8,3,,,,,,,,,,,,,
RAM82,RAM,I,2600,9.2,4.9,,,,,,,,,,,,,
RAM83,RAM,I,2600,4.1,3.9,,,,,,,,,,,,,
RAM84,RAM,I,1700,6.1,5.2,,,,,,,,,,,,,
RAM85,RAM,I,2800,8.6,8,,,,,,,,,,,,,
RAM86,RAM,I,2300,10,8.4,,,,,,,,,,,,,
RAM87,RAM,I,2500,9.4,3.5,,,,,,,,,,,,,
RAM88,RAM,I,2400,8.2,4,,,,,,,,,,,,,
RAM89,RAM,I,2600,4.4,6.2,,,,,,,,,,,,,
RAM90,RAM,I,2700,6.1,6.9,,,,,,,,,,,,,
RAM91,RAM,J,3400,5,8.3,,,,,,,,,,,,,
RAM92,RAM,J,2100,5.8,9.4,,,,,,,,,,,,,
RAM93,RAM,J,3100,7.8,9,,,,,,,,,,,,,
RAM94,RAM,J,3300,4.3,4.7,,,,,,,,,,,,,
RAM95,RAM,J,2000,7,3.7,,,,,,,,,,,,,
RAM96,RAM,J,2400,4.6,5.3,,,,,,,,,,,,,
RAM97,RAM,J,1600,5.5,5.7,,,,,,,,,,,,,
RAM98,RAM,J,1500,7.7,3.7,,,,,,,,,,,,,
RAM99,RAM,J,3500,8.8,6.8,,,,,,,,,,,,,
RAM100,RAM,J,2900,9.7,7.2,,,,,,,,,,,,,
MONITOR1,MONITOR,A,6200,6,8.8,,,,,,,,,,,,,
MONITOR2,MONITOR,A,8700,8.7,7.7,,,,,,,,,,,,,
MONITOR3,MONITOR,A,7100,5.1,5.8,,,,,,,,,,,,,
MONITOR4,MONITOR,A,8800,7.4,4.7,,,,,,,,,,,,,
MONITOR5,MONITOR,A,3900,3.5,6.9,,,,,,,,,,,,,
MONITOR6,MONITOR,A,4400,7.8,4.8,,,,,,,,,,,,,
MONITOR7,MONITOR,A,10000,8.9,9.6,,,,,,,,,,,,,
MONITOR8,MONITOR,A,8400,5.5,7.8,,,,,,,,,,,,,
MONITOR9,MONITOR,A,7300,7.4,7.5,,,,,,,,,,,,,
MONITOR10,MONITOR,A,9200,8.7,6.9,,,,,,,,,,,,,
MONITOR11,MONITOR,B,9300,7.6,4,,,,,,,,,,,,,
MONITOR12,MONITOR,B,7400,8.8,3,,,,,,,,,,,,,
MONITOR13,MONITOR,B,9700,3.7,5.2,,,,,,,,,,,,,
MONITOR14,MONITOR,B,7200,5.5,8.5,,,,,,,,,,,,,
MONITOR15,MONITOR,B,6700,7.5,3.2,,,,,,,,,,,,,
MONITOR16,MONITOR,B,6500,5.4,7.4,,,,,,,,,,,,,
MONITOR17,MONITOR,B,4300,6.9,8.3,,,,,,,,,,,,,
MONITOR18,MONITOR,B,3700,6.3,3.9,,,,,,,,,,,,,
MONITOR19,MONITOR,B,8700,5.1,8.2,,,,,,,,,,,,,
MONITOR20,MONITOR,B,6800,7.3,5.7,,,,,,,,,,,,,
MONITOR21,MONITOR,C,7300,5.4,6.6,,,,,,,,,,,,,
MONITOR22,MONITOR,C,9600,4.1,6.8,,,,,,,,,,,,,
MONITOR23,MONITOR,C,7300,9.2,7,,,,,,,,,,,,,
MONITOR24,MONITOR,C,9500,3.3,5.8,,,,,,,,,,,,,
MONITOR25,MONITOR,C,8900,10,8.8,,,,,,,,,,,,,
MONITOR26,MONITOR,C,4400,4,3.4,,,,,,,,,,,,,
MONITOR27,MONITOR,C,9300,7.7,6.2,,,,,,,,,,,,,
MONITOR28,MONITOR,C,3400,7,6.7,,,,,,,,,,,,,
MONITOR29,MONITOR,C,6000,5.7,9.6,,,,,,,,,,,,,
MONITOR30,MONITOR,C,7100,8.8,6.9,,,,,,,,,,,,,
MONITOR31,MONITOR,D,4700,4.5,9.5,,,,,,,,,,,,,
MONITOR32,MONITOR,D,9900,8.7,3.6,,,,,,,,,,,,,
MONITOR33,MONITOR,D,8000,9.7,4,,,,,,,,,,,,,
MONITOR34,MONITOR,D,4600,5,6.2,,,,,,,,,,,,,
MONITOR35,MONITOR,D,9000,5.6,9.3,,,,,,,,,,,,,
MONITOR36,MONITOR,D,7500,6.8,9.3,,,,,,,,,,,,,
MONITOR37,MONITOR,D,5900,5,8.4,,,,,,,,,,,,,
MONITOR38,MONITOR,D,6700,7,4.3,,,,,,,,,,,,,
MONITOR39,MONITOR,D,5700,5.6,4.8,,,,,,,,,,,,,
MONITOR40,MONITOR,D,9600,8.5,9.8,,,,,,,,,,,,,
MONITOR41,MONITOR,E,6900,6.4,9.9,,,,,,,,,,,,,
MONITOR42,MONITOR,E,9700,4.7,6.8,,,,,,,,,,,,,
MONITOR43,MONITOR,E,9200,9,8.8,,,,,,,,,,,,,
MONITOR44,MONITOR,E,5300,4.5,3.5,,,,,,,,,,,,,
MONITOR45,MONITOR,E,8100,8.9,4.7,,,,,,,,,,,,,
MONITOR46,MONITOR,E,6500,7.5,6.1,,,,,,,,,,,,,
MONITOR47,MONITOR,E,3500,7.9,5.1,,,,,,,,,,,,,
MONITOR48,MONITOR,E,7600,5.1,8.4,,,,,,,,,,,,,
MONITOR49,MONITOR,E,5100,4.5,8.6,,,,,,,,,,,,,
MONITOR50,MONITOR,E,3600,4.8,9.7,,,,,,,,,,,,,
MONITOR51,MONITOR,F,9900,5.9,3.7,,,,,,,,,,,,,
MONITOR52,MONITOR,F,6000,9.7,7.3,,,,,,,,,,,,,
MONITOR53,MONITOR,F,6400,8.9,8.5,,,,,,,,,,,,,
MONITOR54,MONITOR,F,4000,6.8,3.8,,,,,,,,,,,,,
MONITOR55,MONITOR,F,4100,3,9.6,,,,,,,,,,,,,
MONITOR56,MONITOR,F,8600,6.9,3.3,,,,,,,,,,,,,
MONITOR57,MONITOR,F,7600,9.5,3.7,,,,,,,,,,,,,
MONITOR58,MONITOR,F,7400,5.6,5.9,,,,,,,,,,,,,
MONITOR59,MONITOR,F,6500,4.9,5,,,,,,,,,,,,,
MONITOR60,MONITOR,F,7900,5.8,3.7,,,,,,,,,,,,,
MONITOR61,MONITOR,G,5600,3.9,6.6,,,,,,,,,,,,,
MONITOR62,MONITOR,G,4800,3.6,6.1,,,,,,,,,,,,,
MONITOR63,MONITOR,G,3700,4.2,4.4,,,,,,,,,,,,,
MONITOR64,MONITOR,G,3500,9.9,6.7,,,,,,,,,,,,,
MONITOR65,MONITOR,G,5700,3.7,5.1,,,,,,,,,,,,,
MONITOR66,MONITOR,G,5400,3.5,3.3,,,,,,,,,,,,,
MONITOR67,MONITOR,G,3500,8,3.3,,,,,,,,,,,,,
MONITOR68,MONITOR,G,6000,5.1,7.9,,,,,,,,,,,,,
MONITOR69,MONITOR,G,5600,5.9,9,,,,,,,,,,,,,
MONITOR70,MONITOR,G,8200,4.2,6.8,,,,,,,,,,,,,
MONITOR71,MONITOR,H,5000,7.8,8.4,,,,,,,,,,,,,
MONITOR72,MONITOR,H,7500,3.1,8.3,,,,,,,,,,,,,
MONITOR73,MONITOR,H,5600,7.1,3.9,,,,,,,,,,,,,
MONITOR74,MONITOR,H,9800,5.4,8.1,,,,,,,,,,,,,
MONITOR75,MONITOR,H,4800,5.6,6.8,,,,,,,,,,,,,
MONITOR76,MONITOR,H,8500,9.6,7.9,,,,,,,,,,,,,
MONITOR77,MONITOR,H,3900,4.2,9.3,,,,,,,,,,,,,
MONITOR78,MONITOR,H,6700,7.9,6,,,,,,,,,,,,,
MONITOR79,MONITOR,H,7900,7.1,3.1,,,,,,,,,,,,,
MONITOR80,MONITOR,H,9700,6.4,10,,,,,,,,,,,,,
MONITOR81,MONITOR,I,7500,4,4.4,,,,,,,,,,,,,
MONITOR82,MONITOR,I,4000,9.7,9.6,,,,,,,,,,,,,
MONITOR83,MONITOR,I,8800,8.9,4.4,,,,,,,,,,,,,
MONITOR84,MONITOR,I,5500,9.1,8.7,,,,,,,,,,,,,
MONITOR85,MONITOR,I,4200,10,6.8,,,,,,,,,,,,,
MONITOR86,MONITOR,I,8300,5.7,7,,,,,,,,,,,,,
MONITOR87,MONITOR,I,4800,3.8,3.2,,,,,,,,,,,,,
MONITOR88,MONITOR,I,3800,4.4,6.3,,,,,,,,,,,,,
MONITOR89,MONITOR,I,7900,9.3,9,,,,,,,,,,,,,
MONITOR90,MONITOR,I,6900,3.5,4.2,,,,,,,,,,,,,
MONITOR91,MONITOR,J,8500,4.2,5.5,,,,,,,,,,,,,
MONITOR92,MONITOR,J,5000,5.9,5.9,,,,,,,,,,,,,
MONITOR93,MONITOR,J,6700,7.3,7.3,,,,,,,,,,,,,
MONITOR94,MONITOR,J,4600,7.5,5.7,,,,,,,,,,,,,
MONITOR95,MONITOR,J,9600,8.4,7.4,,,,,,,,,,,,,
MONITOR96,MONITOR,J,9600,9.7,7.4,,,,,,,,,,,,,
MONITOR97,MONITOR,J,3400,8.9,9,,,,,,,,,,,,,
MONITOR98,MONITOR,J,5600,6,5.2,,,,,,,,,,,,,
MONITOR99,MONITOR,J,5900,6.7,7.8,,,,,,,,,,,,,
MONITOR100,MONITOR,J,9200,5,6.3,,,,,,,,,,,,,
KEYBOARD1,KEYBOARD,A,1500,6,5.7,,,,,,,,,,,,,
KEYBOARD2,KEYBOARD,A,1700,5.3,7,,,,,,,,,,,,,
KEYBOARD3,KEYBOARD,A,900,9.5,3.8,,,,,,,,,,,,,
KEYBOARD4,KEYBOARD,A,1300,9.7,3.9,,,,,,,,,,,,,
KEYBOARD5,KEYBOARD,A,1800,6,7.8,,,,,,,,,,,,,
KEYBOARD6,KEYBOARD,A,1200,4.5,5.6,,,,,,,,,,,,,
KEYBOARD7,KEYBOARD,A,700,7.6,9.4,,,,,,,,,,,,,
KEYBOARD8,KEYBOARD,A,1900,3.7,6.4,,,,,,,,,,,,,
KEYBOARD9,KEYBOARD,A,1100,6.3,8.5,,,,,,,,,,,,,
KEYBOARD10,KEYBOARD,A,700,7.2,3.3,,,,,,,,,,,,,
KEYBOARD11,KEYBOARD,B,1500,5.8,6.9,,,,,,,,,,,,,
KEYBOARD12,KEYBOARD,B,700,5.3,7,,,,,,,,,,,,,
KEYBOARD13,KEYBOARD,B,900,9.3,3.7,,,,,,,,,,,,,
KEYBOARD14,KEYBOARD,B,900,8.3,7,,,,,,,,,,,,,
KEYBOARD15,KEYBOARD,B,1700,4.6,5.5,,,,,,,,,,,,,
KEYBOARD16,KEYBOARD,B,1200,6.6,8.8,,,,,,,,,,,,,
KEYBOARD17,KEYBOARD,B,1700,4.9,6.4,,,,,,,,,,,,,
KEYBOARD18,KEYBOARD,B,1700,10,6.1,,,,,,,,,,,,,
KEYBOARD19,KEYBOARD,B,600,8.1,5.2,,,,,,,,,,,,,
KEYBOARD20,KEYBOARD,B,900,3.5,8.4,,,,,,,,,,,,,
KEYBOARD21,KEYBOARD,C,1600,6.7,9,,,,,,,,,,,,,
KEYBOARD22,KEYBOARD,C,1200,7,5.5,,,,,,,,,,,,,
KEYBOARD23,KEYBOARD,C,1500,4.5,8.1,,,,,,,,,,,,,
KEYBOARD24,KEYBOARD,C,1600,9.4,3.4,,,,,,,,,,,,,
KEYBOARD25,KEYBOARD,C,1400,6.4,5.8,,,,,,,,,,,,,
KEYBOARD26,KEYBOARD,C,600,5.2,4,,,,,,,,,,,,,
KEYBOARD27,KEYBOARD,C,600,8.8,7.5,,,,,,,,,,,,,
KEYBOARD28,KEYBOARD,C,2000,5.6,7.5,,,,,,,,,,,,,
KEYBOARD29,KEYBOARD,C,1300,8.5,6.2,,,,,,,,,,,,,
KEYBOARD30,KEYBOARD,C,1800,8.8,6.8,,,,,,,,,,,,,
KEYBOARD31,KEYBOARD,D,800,5.9,4.2,,,,,,,,,,,,,
KEYBOARD32,KEYBOARD,D,500,3.7,8.3,,,,,,,,,,,,,
KEYBOARD33,KEYBOARD,D,1200,3.4,9.9,,,,,,,,,,,,,
KEYBOARD34,KEYBOARD,D,700,5.4,7.3,,,,,,,,,,,,,
KEYBOARD35,KEYBOARD,D,800,6.3,5.4,,,,,,,,,,,,,
KEYBOARD36,KEYBOARD,D,1500,3.3,7.1,,,,,,,,,,,,,
KEYBOARD37,KEYBOARD,D,1300,3,5.5,,,,,,,,,,,,,
KEYBOARD38,KEYBOARD,D,1700,3.2,6.3,,,,,,,,,,,,,
KEYBOARD39,KEYBOARD,D,1100,6,3.2,,,,,,,,,,,,,
KEYBOARD40,KEYBOARD,D,1500,5.2,3.4,,,,,,,,,,,,,
KEYBOARD41,KEYBOARD,E,1200,6.8,8.8,,,,,,,,,,,,,
KEYBOARD42,KEYBOARD,E,1800,9,5.7,,,,,,,,,,,,,
KEYBOARD43,KEYBOARD,E,1600,6.3,3.5,,,,,,,,,,,,,
KEYBOARD44,KEYBOARD,E,1700,6.7,3.2,,,,,,,,,,,,,
KEYBOARD45,KEYBOARD,E,700,6.3,9.2,,,,,,,,,,,,,
KEYBOARD46,KEYBOARD,E,700,8.7,3.1,,,,,,,,,,,,,
KEYBOARD47,KEYBOARD,E,1300,4.9,7.6,,,,,,,,,,,,,
KEYBOARD48,KEYBOARD,E,1600,3,5.7,,,,,,,,,,,,,
KEYBOARD49,KEYBOARD,E,1800,9.8,5.1,,,,,,,,,,,,,
KEYBOARD50,KEYBOARD,E,1200,5,9,,,,,,,,,,,,,
KEYBOARD51,KEYBOARD,F,1100,7.4,8.7,,,,,,,,,,,,,
KEYBOARD52,KEYBOARD,F,1200,9.4,6.3,,,,,,,,,,,,,
KEYBOARD53,KEYBOARD,F,700,3.5,6.6,,,,,,,,,,,,,
KEYBOARD54,KEYBOARD,F,500,7.6,6.1,,,,,,,,,,,,,
KEYBOARD55,KEYBOARD,F,1300,6.1,6.1,,,,,,,,,,,,,
KEYBOARD56,KEYBOARD,F,600,8.5,4.4,,,,,,,,,,,,,
KEYBOARD57,KEYBOARD,F,600,3.5,4.8,,,,,,,,,,,,,
KEYBOARD58,KEYBOARD,F,1300,6.3,7.6,,,,,,,,,,,,,
KEYBOARD59,KEYBOARD,F,800,7.4,8.9,,,,,,,,,,,,,
KEYBOARD60,KEYBOARD,F,900,4.9,6.4,,,,,,,,,,,,,
KEYBOARD61,KEYBOARD,G,800,8.6,5.5,,,,,,,,,,,,,
KEYBOARD62,KEYBOARD,G,1500,6.1,7.3,,,,,,,,,,,,,
KEYBOARD63,KEYBOARD,G,1400,3,3.5,,,,,,,,,,,,,
KEYBOARD64,KEYBOARD,G,1400,6.1,3.7,,,,,,,,,,,,,
KEYBOARD65,KEYBOARD,G,1900,7.4,4.7,,,,,,,,,,,,,
KEYBOARD66,KEYBOARD,G,600,8.5,6.1,,,,,,,,,,,,,
KEYBOARD67,KEYBOARD,G,1300,5,7.9,,,,,,,,,,,,,
KEYBOARD68,KEYBOARD,G,1400,4.5,9.2,,,,,,,,,,,,,
KEYBOARD69,KEYBOARD,G,1000,4,5,,,,,,,,,,,,,
KEYBOARD70,KEYBOARD,G,1400,8.3,6.4,,,,,,,,,,,,,
KEYBOARD71,KEYBOARD,H,600,4,8.6,,,,,,,,,,,,,
KEYBOARD72,KEYBOARD,H,600,3.4,5.1,,,,,,,,,,,,,
KEYBOARD73,KEYBOARD,H,600,4.1,7.1,,,,,,,,,,,,,
KEYBOARD74,KEYBOARD,H,1600,6,9.2,,,,,,,,,,,,,
KEYBOARD75,KEYBOARD,H,1100,3.8,8.5,,,,,,,,,,,,,
KEYBOARD76,KEYBOARD,H,1000,8.5,3.6,,,,,,,,,,,,,
KEYBOARD77,KEYBOARD,H,1100,7.8,6.7,,,,,,,,,,,,,
KEYBOARD78,KEYBOARD,H,600,7,7.5,,,,,,,,,,,,,
KEYBOARD79,KEYBOARD,H,1300,5.3,7.7,,,,,,,,,,,,,
KEYBOARD80,KEYBOARD,H,1200,8.4,5.8,,,,,,,,,,,,,
KEYBOARD81,KEYBOARD,I,1500,5.2,4.9,,,,,,,,,,,,,
KEYBOARD82,KEYBOARD,I,1400,6,4.4,,,,,,,,,,,,,
KEYBOARD83,KEYBOARD,I,900,9,4.3,,,,,,,,,,,,,
KEYBOARD84,KEYBOARD,I,900,8.6,8,,,,,,,,,,,,,
KEYBOARD85,KEYBOARD,I,1000,6.7,5.9,,,,,,,,,,,,,
KEYBOARD86,KEYBOARD,I,1100,3.2,7.2,,,,,,,,,,,,,
KEYBOARD87,KEYBOARD,I,1600,3.1,7.9,,,,,,,,,,,,,
KEYBOARD88,KEYBOARD,I,700,9.8,7.9,,,,,,,,,,,,,
KEYBOARD89,KEYBOARD,I,500,6.4,6,,,,,,,,,,,,,
KEYBOARD90,KEYBOARD,I,1300,7.6,6.9,,,,,,,,,,,,,
KEYBOARD91,KEYBOARD,J,1800,9.3,7.8,,,,,,,,,,,,,
KEYBOARD92,KEYBOARD,J,1100,8.8,5.7,,,,,,,,,,,,,
KEYBOARD93,KEYBOARD,J,1200,9.6,7.7,,,,,,,,,,,,,
KEYBOARD94,KEYBOARD,J,800,3.3,8.8,,,,,,,,,,,,,
KEYBOARD95,KEYBOARD,J,600,4.3,4.8,,,,,,,,,,,,,
KEYBOARD96,KEYBOARD,J,700,5.8,6.9,,,,,,,,,,,,,
KEYBOARD97,KEYBOARD,J,1900,9.7,7.3,,,,,,,,,,,,,
KEYBOARD98,KEYBOARD,J,2000,5,8.4,,,,,,,,,,,,,
KEYBOARD99,KEYBOARD,J,1900,8.7,4.1,,,,,,,,,,,,,
KEYBOARD100,KEYBOARD,J,600,9.1,8.9,,,,,,,,,,,,,
MOUSE1,MOUSE,A,900,3.9,5,,,,,,,,,,,,,
MOUSE2,MOUSE,A,1400,6.4,5.9,,,,,,,,,,,,,
MOUSE3,MOUSE,A,1000,9.2,8.4,,,,,,,,,,,,,
MOUSE4,MOUSE,A,300,5.9,4.5,,,,,,,,,,,,,
MOUSE5,MOUSE,A,500,4.3,7,,,,,,,,,,,,,
MOUSE6,MOUSE,A,700,5.6,4.7,,,,,,,,,,,,,
MOUSE7,MOUSE,A,500,4,5.3,,,,,,,,,,,,,
MOUSE8,MOUSE,A,400,6,3.6,,,,,,,,,,,,,
MOUSE9,MOUSE,A,800,9.9,4.7,,,,,,,,,,,,,
MOUSE10,MOUSE,A,1400,5.2,6.5,,,,,,,,,,,,,
MOUSE11,MOUSE,B,700,5,8.2,,,,,,,,,,,,,
MOUSE12,MOUSE,B,1100,5.3,7.6,,,,,,,,,,,,,
MOUSE13,MOUSE,B,1100,5.3,8.9,,,,,,,,,,,,,
MOUSE14,MOUSE,B,1200,9.4,9.7,,,,,,,,,,,,,
MOUSE15,MOUSE,B,1300,4.5,6.4,,,,,,,,,,,,,
MOUSE16,MOUSE,B,400,4.8,6.4,,,,,,,,,,,,,
MOUSE17,MOUSE,B,800,4.9,5.4,,,,,,,,,,,,,
MOUSE18,MOUSE,B,400,6.4,5.6,,,,,,,,,,,,,
MOUSE19,MOUSE,B,300,7.5,5.9,,,,,,,,,,,,,
MOUSE20,MOUSE,B,1300,3.1,4.3,,,,,,,,,,,,,
MOUSE21,MOUSE,C,900,6.5,3.1,,,,,,,,,,,,,
MOUSE22,MOUSE,C,1200,4,8.8,,,,,,,,,,,,,
MOUSE23,MOUSE,C,500,6.5,5.2,,,,,,,,,,,,,
MOUSE24,MOUSE,C,300,9,5.2,,,,,,,,,,,,,
MOUSE25,MOUSE,C,1200,5.6,7.4,,,,,,,,,,,,,
MOUSE26,MOUSE,C,500,4,4.1,,,,,,,,,,,,,
MOUSE27,MOUSE,C,500,8.7,9.2,,,,,,,,,,,,,
MOUSE28,MOUSE,C,900,4.8,9.8,,,,,,,,,,,,,
MOUSE29,MOUSE,C,1300,5.4,7.6,,,,,,,,,,,,,
MOUSE30,MOUSE,C,1000,8.3,5.8,,,,,,,,,,,,,
MOUSE31,MOUSE,D,1000,6.3,9.3,,,,,,,,,,,,,
MOUSE32,MOUSE,D,500,3.2,6.8,,,,,,,,,,,,,
MOUSE33,MOUSE,D,1200,5.9,3.1,,,,,,,,,,,,,
MOUSE34,MOUSE,D,1200,5.7,7.4,,,,,,,,,,,,,
MOUSE35,MOUSE,D,1500,3.9,6.1,,,,,,,,,,,,,
MOUSE36,MOUSE,D,800,9.4,7,,,,,,,,,,,,,
MOUSE37,MOUSE,D,200,6,5.9,,,,,,,,,,,,,
MOUSE38,MOUSE,D,1500,7,7.6,,,,,,,,,,,,,
MOUSE39,MOUSE,D,1100,4.8,4.5,,,,,,,,,,,,,
MOUSE40,MOUSE,D,1300,5.4,6.3,,,,,,,,,,,,,
MOUSE41,MOUSE,E,1300,4.4,5.5,,,,,,,,,,,,,
MOUSE42,MOUSE,E,900,8.1,3,,,,,,,,,,,,,
MOUSE43,MOUSE,E,800,5.6,6.5,,,,,,,,,,,,,
MOUSE44,MOUSE,E,200,7,4.7,,,,,,,,,,,,,
MOUSE45,MOUSE,E,1400,7.5,5.4,,,,,,,,,,,,,
MOUSE46,MOUSE,E,800,4.5,9.6,,,,,,,,,,,,,
MOUSE47,MOUSE,E,1200,7.8,3.7,,,,,,,,,,,,,
MOUSE48,MOUSE,E,1000,7.6,7.6,,,,,,,,,,,,,
MOUSE49,MOUSE,E,1400,3.3,5.3,,,,,,,,,,,,,
MOUSE50,MOUSE,E,900,7.1,6.2,,,,,,,,,,,,,
MOUSE51,MOUSE,F,600,8,3,,,,,,,,,,,,,
MOUSE52,MOUSE,F,500,7.5,7.2,,,,,,,,,,,,,
MOUSE53,MOUSE,F,400,3,3.5,,,,,,,,,,,,,
MOUSE54,MOUSE,F,700,8.3,8.7,,,,,,,,,,,,,
MOUSE55,MOUSE,F,400,9.3,8.4,,,,,,,,,,,,,
MOUSE56,MOUSE,F,400,4.3,9,,,,,,,,,,,,,
MOUSE57,MOUSE,F,600,3.5,8.2,,,,,,,,,,,,,
MOUSE58,MOUSE,F,1000,5.6,9.7,,,,,,,,,,,,,
MOUSE59,MOUSE,F,700,4.8,3,,,,,,,,,,,,,
MOUSE60,MOUSE,F,700,4.5,3.2,,,,,,,,,,,,,
MOUSE61,MOUSE,G,1300,7.3,7.4,,,,,,,,,,,,,
MOUSE62,MOUSE,G,200,7.3,8.2,,,,,,,,,,,,,
MOUSE63,MOUSE,G,600,3.3,7,,,,,,,,,,,,,
MOUSE64,MOUSE,G,800,9.3,3.1,,,,,,,,,,,,,
MOUSE65,MOUSE,G,300,9.4,9.7,,,,,,,,,,,,,
MOUSE66,MOUSE,G,1200,3.3,8.5,,,,,,,,,,,,,
MOUSE67,MOUSE,G,500,8.5,6,,,,,,,,,,,,,
MOUSE68,MOUSE,G,400,9.7,4.3,,,,,,,,,,,,,
MOUSE69,MOUSE,G,500,4.2,4.7,,,,,,,,,,,,,
MOUSE70,MOUSE,G,1300,9.9,3.9,,,,,,,,,,,,,
MOUSE71,MOUSE,H,600,8.4,5.8,,,,,,,,,,,,,
MOUSE72,MOUSE,H,800,7.6,6.3,,,,,,,,,,,,,
MOUSE73,MOUSE,H,1200,5.5,7.6,,,,,,,,,,,,,
MOUSE74,MOUSE,H,800,7,9.4,,,,,,,,,,,,,
MOUSE75,MOUSE,H,200,5.6,8.5,,,,,,,,,,,,,
MOUSE76,MOUSE,H,400,8,5.6,,,,,,,,,,,,,
MOUSE77,MOUSE,H,1300,6.1,6.7,,,,,,,,,,,,,
MOUSE78,MOUSE,H,1000,6.6,4.2,,,,,,,,,,,,,
MOUSE79,MOUSE,H,1200,8.6,4.5,,,,,,,,,,,,,
MOUSE80,MOUSE,H,1500,6.9,3.7,,,,,,,,,,,,,
MOUSE81,MOUSE,I,500,9,3.1,,,,,,,,,,,,,
MOUSE82,MOUSE,I,1300,3.4,7.2,,,,,,,,,,,,,
MOUSE83,MOUSE,I,900,8.4,6.3,,,,,,,,,,,,,
MOUSE84,MOUSE,I,500,3.3,6.2,,,,,,,,,,,,,
MOUSE85,MOUSE,I,600,8.6,4.1,,,,,,,,,,,,,
MOUSE86,MOUSE,I,300,3.4,9.7,,,,,,,,,,,,,
MOUSE87,MOUSE,I,1000,8.7,5.9,,,,,,,,,,,,,
MOUSE88,MOUSE,I,1000,8.6,8.9,,,,,,,,,,,,,
MOUSE89,MOUSE,I,1400,9.7,3.8,,,,,,,,,,,,,
MOUSE90,MOUSE,I,1400,3.7,7.2,,,,,,,,,,,,,
MOUSE91,MOUSE,J,1200,8.2,3.8,,,,,,,,,,,,,
MOUSE92,MOUSE,J,1100,8.7,7.1,,,,,,,,,,,,,
MOUSE93,MOUSE,J,300,5.3,5.4,,,,,,,,,,,,,
MOUSE94,MOUSE,J,400,5.1,8.9,,,,,,,,,,,,,
MOUSE95,MOUSE,J,900,3.3,8,,,,,,,,,,,,,
MOUSE96,MOUSE,J,700,8.2,8.4,,,,,,,,,,,,,
MOUSE97,MOUSE,J,1200,8.6,7,,,,,,,,,,,,,
MOUSE98,MOUSE,J,300,3.7,8.7,,,,,,,,,,,,,
MOUSE99,MOUSE,J,800,3.2,5.9,,,,,,,,,,,,,
MOUSE100,MOUSE,J,1000,9.1,8,,,,,,,,,,,,,
GCARD1,GRAPHICS CARD,A,11600,8.9,7.3,,,,,,,,,,,,,
GCARD2,GRAPHICS CARD,A,12500,6.9,5,,,,,,,,,,,,,
GCARD3,GRAPHICS CARD,A,8400,3.6,7.7,,,,,,,,,,,,,
GCARD4,GRAPHICS CARD,A,3400,6.5,8.2,,,,,,,,,,,,,
GCARD5,GRAPHICS CARD,A,4900,5.8,4.4,,,,,,,,,,,,,
GCARD6,GRAPHICS CARD,A,13000,5.5,6.9,,,,,,,,,,,,,
GCARD7,GRAPHICS CARD,A,7600,7.1,9.4,,,,,,,,,,,,,
GCARD8,GRAPHICS CARD,A,13600,7.3,8.6,,,,,,,,,,,,,
GCARD9,GRAPHICS CARD,A,9400,6.2,5.8,,,,,,,,,,,,,
GCARD10,GRAPHICS CARD,A,4800,4,6.3,,,,,,,,,,,,,
GCARD11,GRAPHICS CARD,B,14000,4.2,6.9,,,,,,,,,,,,,
GCARD12,GRAPHICS CARD,B,13200,5.9,5,,,,,,,,,,,,,
GCARD13,GRAPHICS CARD,B,3400,7.8,4.1,,,,,,,,,,,,,
GCARD14,GRAPHICS CARD,B,8600,7.6,5.3,,,,,,,,,,,,,
GCARD15,GRAPHICS CARD,B,11900,9.5,8,,,,,,,,,,,,,
GCARD16,GRAPHICS CARD,B,14000,8.2,3.8,,,,,,,,,,,,,
GCARD17,GRAPHICS CARD,B,8500,8.7,4.7,,,,,,,,,,,,,
GCARD18,GRAPHICS CARD,B,13000,6.6,9.1,,,,,,,,,,,,,
GCARD19,GRAPHICS CARD,B,10500,7,4.4,,,,,,,,,,,,,
GCARD20,GRAPHICS CARD,B,10900,5.6,8.7,,,,,,,,,,,,,
GCARD21,GRAPHICS CARD,C,4000,5.1,5.9,,,,,,,,,,,,,
GCARD22,GRAPHICS CARD,C,8500,5.3,4.7,,,,,,,,,,,,,
GCARD23,GRAPHICS CARD,C,11600,5.5,3.3,,,,,,,,,,,,,
GCARD24,GRAPHICS CARD,C,6900,7.9,4.2,,,,,,,,,,,,,
GCARD25,GRAPHICS CARD,C,8500,6.5,8,,,,,,,,,,,,,
GCARD26,GRAPHICS CARD,C,6100,9.9,9.4,,,,,,,,,,,,,
GCARD27,GRAPHICS CARD,C,11800,5.1,4.5,,,,,,,,,,,,,
GCARD28,GRAPHICS CARD,C,14300,4.5,7,,,,,,,,,,,,,
GCARD29,GRAPHICS CARD,C,11300,9.1,9,,,,,,,,,,,,,
GCARD30,GRAPHICS CARD,C,13700,9.7,4.4,,,,,,,,,,,,,
GCARD31,GRAPHICS CARD,D,14000,9.9,4.9,,,,,,,,,,,,,
GCARD32,GRAPHICS CARD,D,13500,5.6,5.5,,,,,,,,,,,,,
GCARD33,GRAPHICS CARD,D,5800,5.8,5.7,,,,,,,,,,,,,
GCARD34,GRAPHICS CARD,D,5800,7,7.6,,,,,,,,,,,,,
GCARD35,GRAPHICS CARD,D,9500,9.9,3.8,,,,,,,,,,,,,
GCARD36,GRAPHICS CARD,D,7300,6.5,3.3,,,,,,,,,,,,,
GCARD37,GRAPHICS CARD,D,11800,7.8,4.3,,,,,,,,,,,,,
GCARD38,GRAPHICS CARD,D,6000,6.3,6.1,,,,,,,,,,,,,
GCARD39,GRAPHICS CARD,D,3200,5.5,7.4,,,,,,,,,,,,,
GCARD40,GRAPHICS CARD,D,10100,5.4,7.1,,,,,,,,,,,,,
GCARD41,GRAPHICS CARD,E,6700,3.9,6.2,,,,,,,,,,,,,
GCARD42,GRAPHICS CARD,E,14600,7.6,5.3,,,,,,,,,,,,,
GCARD43,GRAPHICS CARD,E,6200,8.5,4,,,,,,,,,,,,,
GCARD44,GRAPHICS CARD,E,3200,8.3,5.6,,,,,,,,,,,,,
GCARD45,GRAPHICS CARD,E,6700,4.3,5.9,,,,,,,,,,,,,
GCARD46,GRAPHICS CARD,E,7900,4.4,9.3,,,,,,,,,,,,,
GCARD47,GRAPHICS CARD,E,9800,5.4,3.8,,,,,,,,,,,,,
GCARD48,GRAPHICS CARD,E,8300,8.1,8.3,,,,,,,,,,,,,
GCARD49,GRAPHICS CARD,E,4000,7.2,7,,,,,,,,,,,,,
GCARD50,GRAPHICS CARD,E,7900,6.1,6.6,,,,,,,,,,,,,
GCARD51,GRAPHICS CARD,F,6800,9.7,7.1,,,,,,,,,,,,,
GCARD52,GRAPHICS CARD,F,4400,4,6.8,,,,,,,,,,,,,
GCARD53,GRAPHICS CARD,F,8900,6,9.4,,,,,,,,,,,,,
GCARD54,GRAPHICS CARD,F,4800,9.1,5.4,,,,,,,,,,,,,
GCARD55,GRAPHICS CARD,F,6700,5.5,5.9,,,,,,,,,,,,,
GCARD56,GRAPHICS CARD,F,8000,6.3,5.8,,,,,,,,,,,,,
GCARD57,GRAPHICS CARD,F,9400,5.2,8.3,,,,,,,,,,,,,
GCARD58,GRAPHICS CARD,F,14700,6.7,6.5,,,,,,,,,,,,,
GCARD59,GRAPHICS CARD,F,8400,5.5,4.9,,,,,,,,,,,,,
GCARD60,GRAPHICS CARD,F,8400,4.3,5,,,,,,,,,,,,,
GCARD61,GRAPHICS CARD,G,12200,3.9,8.3,,,,,,,,,,,,,
GCARD62,GRAPHICS CARD,G,12400,9.6,3.3,,,,,,,,,,,,,
GCARD63,GRAPHICS CARD,G,9900,9.2,3.5,,,,,,,,,,,,,
GCARD64,GRAPHICS CARD,G,10600,5.8,9.6,,,,,,,,,,,,,
GCARD65,GRAPHICS CARD,G,14900,6.8,5.4,,,,,,,,,,,,,
GCARD66,GRAPHICS CARD,G,5200,6.1,9.6,,,,,,,,,,,,,
GCARD67,GRAPHICS CARD,G,7400,6.4,6.9,,,,,,,,,,,,,
GCARD68,GRAPHICS CARD,G,5600,6,9.2,,,,,,,,,,,,,
GCARD69,GRAPHICS CARD,G,14700,5.7,5.1,,,,,,,,,,,,,
GCARD70,GRAPHICS CARD,G,12100,8.5,8.8,,,,,,,,,,,,,
GCARD71,GRAPHICS CARD,H,8600,5,9.3,,,,,,,,,,,,,
GCARD72,GRAPHICS CARD,H,4700,8,8.6,,,,,,,,,,,,,
GCARD73,GRAPHICS CARD,H,11600,7.4,4.6,,,,,,,,,,,,,
GCARD74,GRAPHICS CARD,H,9300,6.5,7,,,,,,,,,,,,,
GCARD75,GRAPHICS CARD,H,4200,5.3,6.5,,,,,,,,,,,,,
GCARD76,GRAPHICS CARD,H,7600,9.5,8.5,,,,,,,,,,,,,
GCARD77,GRAPHICS CARD,H,12900,5.7,6.8,,,,,,,,,,,,,
GCARD78,GRAPHICS CARD,H,12700,4.6,3.8,,,,,,,,,,,,,
GCARD79,GRAPHICS CARD,H,6400,3.9,7.3,,,,,,,,,,,,,
GCARD80,GRAPHICS CARD,H,9800,4,7.7,,,,,,,,,,,,,
GCARD81,GRAPHICS CARD,I,10100,5.5,5.8,,,,,,,,,,,,,
GCARD82,GRAPHICS CARD,I,5600,10,7.9,,,,,,,,,,,,,
GCARD83,GRAPHICS CARD,I,10900,5.3,6.4,,,,,,,,,,,,,
GCARD84,GRAPHICS CARD,I,11400,3.3,8.5,,,,,,,,,,,,,
GCARD85,GRAPHICS CARD,I,13000,5.6,7.5,,,,,,,,,,,,,
GCARD86,GRAPHICS CARD,I,13300,6.6,6.4,,,,,,,,,,,,,
GCARD87,GRAPHICS CARD,I,11700,9.5,7.7,,,,,,,,,,,,,
GCARD88,GRAPHICS CARD,I,9700,6.8,7.3,,,,,,,,,,,,,
GCARD89,GRAPHICS CARD,I,6800,6.9,5.5,,,,,,,,,,,,,
GCARD90,GRAPHICS CARD,I,11600,6.5,4.8,,,,,,,,,,,,,
GCARD91,GRAPHICS CARD,J,7300,9.9,7.8,,,,,,,,,,,,,
GCARD92,GRAPHICS CARD,J,3900,5.2,8.8,,,,,,,,,,,,,
GCARD93,GRAPHICS CARD,J,7900,5.1,7.1,,,,,,,,,,,,,
GCARD94,GRAPHICS CARD,J,11500,9,8.1,,,,,,,,,,,,,
GCARD95,GRAPHICS CARD,J,8200,4.3,4.9,,,,,,,,,,,,,
GCARD96,GRAPHICS CARD,J,9000,3.7,4.7,,,,,,,,,,,,,
GCARD97,GRAPHICS CARD,J,12500,9.6,4.7,,,,,,,,,,,,,
GCARD98,GRAPHICS CARD,J,6600,8.7,3.2,,,,,,,,,,,,,
GCARD99,GRAPHICS CARD,J,8900,3.7,6,,,,,,,,,,,,,
GCARD100,GRAPHICS CARD,J,11700,9.2,9.3,,,,,,,,,,,,,
